이름,나이,거주지
홍길동,33,서울
유재석,40,인천
강호동,30,부산
홍길동,33,서울
유재석,40,인천
강호동,30,부산
홍길동,33,서울
유재석,40,인천
강호동,30,부산
홍길동,33,서울
유재석,40,인천
강호동,30,부산
홍길동,33,서울
유재석,40,인천
강호동,30,부산
홍길동,33,서울
유재석,40,인천
강호동,30,부산
홍길동,33,서울
유재석,40,인천
강호동,30,부산
홍길동,33,서울
유재석,40,인천
강호동,30,부산
홍길동,33,서울
유재석,40,인천
강호동,30,부산
홍길동,33,서울
유재석,40,인천
강호동,30,부산
홍길동,33,서울
유재석,40,인천
강호동,30,부산
홍길동,33,서울
유재석,40,인천
강호동,30,부산
홍길동,33,서울
유재석,40,인천
강호동,30,부산
홍길동,33,서울
유재석,40,인천
강호동,30,부산
홍길동,33,서울
유재석,40,인천
강호동,30,부산
홍길동,33,서울
유재석,40,인천
강호동,30,부산
홍길동,33,서울
유재석,40,인천
강호동,30,부산
홍길동,33,서울
유재석,40,인천
강호동,30,부산
홍길동,33,서울
유재석,40,인천
강호동,30,부산
홍길동,33,서울
유재석,40,인천
강호동,30,부산
홍길동,33,서울
유재석,40,인천
강호동,30,부산
홍길동,33,서울
유재석,40,인천
강호동,30,부산
홍길동,33,서울
유재석,40,인천
강호동,30,부산
홍길동,33,서울
유재석,40,인천
강호동,30,부산
홍길동,33,서울
유재석,40,인천
강호동,30,부산
홍길동,33,서울
유재석,40,인천
강호동,30,부산
홍길동,33,서울
유재석,40,인천
강호동,30,부산
홍길동,33,서울
유재석,40,인천
강호동,30,부산
홍길동,33,서울
유재석,40,인천
강호동,30,부산
홍길동,33,서울
유재석,40,인천
강호동,30,부산
홍길동,33,서울
유재석,40,인천
강호동,30,부산
홍길동,33,서울
유재석,40,인천
강호동,30,부산
홍길동,33,서울
유재석,40,인천
강호동,30,부산
홍길동,33,서울
,40,인천
,30,부산
,33,서울